,sky_bright,sky_dark,sky_grey
300,5.847199603743223e-16,1.3125999357796764e-16,4.30850938843987e-16
301,5.772967849332735e-16,1.2935475645296861e-16,4.253143158526431e-16
302,5.698736094922248e-16,1.2744951932796959e-16,4.197776928612992e-16
303,5.624504340511762e-16,1.2554428220297056e-16,4.142410698699553e-16
304,5.550272586101274e-16,1.2363904507797153e-16,4.087044468786114e-16
305,5.476040831690787e-16,1.217338079529725e-16,4.031678238872675e-16
306,5.4018090772803e-16,1.198285708279735e-16,3.976312008959236e-16
307,5.327577322869813e-16,1.1792333370297447e-16,3.9209457790457973e-16
308,5.253345568459326e-16,1.1601809657797544e-16,3.8655795491323584e-16
309,5.179113814048839e-16,1.141128594529764e-16,3.8102133192189195e-16
310,5.104882059638352e-16,1.1220762232797738e-16,3.754847089305481e-16
311,5.030650305227865e-16,1.1030238520297838e-16,3.699480859392042e-16
312,4.956418550817378e-16,1.0839714807797935e-16,3.644114629478603e-16
313,4.882186796406891e-16,1.0649191095298032e-16,3.5887483995651643e-16
314,4.807955041996403e-16,1.0458667382798129e-16,3.5333821696517253e-16
315,4.733723287585917e-16,1.0268143670298226e-16,3.4780159397382864e-16
316,4.65949153317543e-16,1.0077619957798323e-16,3.4226497098248475e-16
317,4.585259778764942e-16,9.887096245298423e-17,3.3672834799114086e-16
318,4.511028024354455e-16,9.69657253279852e-17,3.3119172499979697e-16
319,4.436796269943968e-16,9.506048820298617e-17,3.256551020084531e-16
320,4.362564515533481e-16,9.315525107798714e-17,3.2011847901710923e-16
321,4.288332761122994e-16,9.125001395298811e-17,3.1458185602576534e-16
322,4.214101006712507e-16,8.934477682798908e-17,3.0904523303442145e-16
323,4.13986925230202e-16,8.743953970299008e-17,3.0350861004307755e-16
324,4.065637497891533e-16,8.553430257799105e-17,2.9797198705173366e-16
325,3.991405743481046e-16,8.362906545299202e-17,2.9243536406038977e-16
326,3.917173989070559e-16,8.172382832799299e-17,2.868987410690459e-16
327,3.8429422346600717e-16,7.981859120299396e-17,2.81362118077702e-16
328,3.768710480249585e-16,7.791335407799493e-17,2.758254950863581e-16
329,3.6944787258390976e-16,7.60081169529959e-17,2.702888720950142e-16
330,3.620246971428611e-16,7.41028798279969e-17,2.6475224910367036e-16
331,3.5460152170181235e-16,7.219764270299787e-17,2.5921562611232646e-16
332,3.4717834626076367e-16,7.029240557799884e-17,2.5367900312098257e-16
333,3.3975517081971494e-16,6.838716845299982e-17,2.481423801296387e-16
334,3.3233199537866625e-16,6.648193132800079e-17,2.426057571382948e-16
335,3.2490881993761757e-16,6.457669420300176e-17,2.370691341469509e-16
336,3.1748564449656884e-16,6.267145707800274e-17,2.31532511155607e-16
337,3.1006246905552016e-16,6.076621995300372e-17,2.259958881642631e-16
338,3.0263929361447143e-16,5.88609828280047e-17,2.2045926517291922e-16
339,2.9521611817342275e-16,5.695574570300567e-17,2.1492264218157538e-16
340,2.87792942732374e-16,5.5050508578006644e-17,2.0938601919023148e-16
341,2.8036976729132534e-16,5.3145271453007615e-17,2.038493961988876e-16
342,2.729465918502766e-16,5.124003432800859e-17,1.983127732075437e-16
343,2.6552341640922792e-16,4.933479720300957e-17,1.927761502161998e-16
344,2.581002409681792e-16,4.742956007801054e-17,1.8723952722485591e-16
345,2.506770655271305e-16,4.552432295301152e-17,1.8170290423351202e-16
346,2.432538900860818e-16,4.361908582801249e-17,1.7616628124216813e-16
347,2.358307146450331e-16,4.171384870301347e-17,1.7062965825082426e-16
348,2.284075392039844e-16,3.9808611578014445e-17,1.6509303525948037e-16
349,2.209843637629357e-16,3.7903374453015416e-17,1.5955641226813648e-16
350,2.1356118832188698e-16,3.5998137328016393e-17,1.540197892767926e-16
351,2.0613801288083828e-16,3.409290020301737e-17,1.4848316628544872e-16
352,1.987148374397896e-16,3.218766307801834e-17,1.4294654329410483e-16
353,1.9129166199874086e-16,3.028242595301932e-17,1.3740992030276093e-16
354,1.8386848655769218e-16,2.8377188828020296e-17,1.3187329731141704e-16
355,1.7644531111664345e-16,2.6471951703021268e-17,1.2633667432007315e-16
356,1.6902213567559477e-16,2.4566714578022242e-17,1.2080005132872928e-16
357,1.6159896023454606e-16,2.266147745302322e-17,1.152634283373854e-16
358,1.5417578479349736e-16,2.0756240328024193e-17,1.097268053460415e-16
359,1.4675260935244865e-16,1.8851003203025168e-17,1.0419018235469762e-16
360,1.3932943391139995e-16,1.6945766078026142e-17,9.865355936335372e-17
361,1.3190625847035124e-16,1.504052895302712e-17,9.311693637200984e-17
362,1.2448308302930253e-16,1.3135291828028094e-17,8.758031338066595e-17
363,1.1705990758825383e-16,1.1230054703029068e-17,8.204369038932207e-17
364,1.0963673214720512e-16,9.324817578030044e-18,7.650706739797818e-17
365,1.1104116058560285e-16,7.535435984544614e-18,7.615158238204744e-17
366,1.2732047228986886e-16,7.64777783457816e-18,8.792902081223366e-17
367,1.220258575907091e-16,6.53366275703554e-18,8.425872556019219e-17
368,1.1243139840319437e-16,5.303798861025678e-18,7.782055528022485e-17
369,1.1758573790016412e-16,5.366167584777716e-18,7.99484551401361e-17
370,1.2092961556425593e-16,7.649913553465362e-18,8.338995703049567e-17
371,1.1701181016833712e-16,7.46010340016577e-18,7.883219158557006e-17
372,1.0831730620905158e-16,5.954655182679251e-18,7.384318154609294e-17
373,1.0137225378032333e-16,6.996317506834634e-18,6.882797876598075e-17
374,9.34094103963226e-17,9.295766636232298e-18,6.238480265646586e-17
375,9.695724118709007e-17,7.611814234603618e-18,6.402363825589717e-17
376,1.0771959712999647e-16,6.327110681236448e-18,7.219355610087703e-17
377,1.139010731056319e-16,5.728308642046895e-18,7.457644575739172e-17
378,1.323197867734768e-16,6.064122557882465e-18,8.760042236151533e-17
379,1.1214744899396514e-16,5.86595522661853e-18,7.484651863214769e-17
380,1.0768431452883226e-16,5.526860918746413e-18,7.01295083125392e-17
381,1.1540366630271143e-16,5.5168736819857505e-18,7.664049108618065e-17
382,8.823747534722911e-17,6.1304955744968466e-18,5.844196050736242e-17
383,7.246145356318681e-17,7.664253318433884e-18,4.746112931392352e-17
384,8.125212260399138e-17,7.439827119870644e-18,5.1559099720014925e-17
385,1.0213313684722885e-16,6.311803913861061e-18,6.618529520940168e-17
386,9.417817233303791e-17,5.089362400667951e-18,6.027437198704599e-17
387,9.724877592275925e-17,4.592828993990454e-18,6.230960981233088e-17
388,9.481904731695563e-17,4.2247523565142665e-18,6.045412445441926e-17
389,1.0003829299978636e-16,4.01312533617549e-18,6.294386857483307e-17
390,1.1441959658058732e-16,4.871782439092472e-18,7.274313920797711e-17
391,1.2274867949813432e-16,6.957993089767876e-18,7.691189710757975e-17
392,1.137225884182908e-16,5.739184885726096e-18,7.25330749366178e-17
393,6.795824292997749e-17,4.158829266729401e-18,4.3907551075762324e-17
394,7.446955212050353e-17,4.915248498268641e-18,4.494901148179525e-17
395,1.1515190325652358e-16,5.8544413535569855e-18,7.16400826571466e-17
396,1.0345098455923514e-16,4.7729794861966305e-18,6.588758981158369e-17
397,6.723549366023064e-17,3.702982832487222e-18,4.093777027897972e-17
398,1.2003135304364917e-16,5.372623246536662e-18,7.292084901507722e-17
399,1.4256070574576044e-16,5.4295580103919695e-18,8.756660401183172e-17
400,1.4820983904250635e-16,5.3549500971824744e-18,9.079181911277736e-17
401,1.5200187899079046e-16,6.487992843368402e-18,9.274264289963772e-17
402,1.5755401087040246e-16,6.464639763875667e-18,9.603350703115499e-17
403,1.5081792710031727e-16,5.789425652422607e-18,9.161476837413093e-17
404,1.5058290689285882e-16,6.464460664356196e-18,9.141209526408417e-17
405,1.459959938980877e-16,7.066430964039802e-18,8.837543309001853e-17
406,1.4240797827559402e-16,6.710537087926052e-18,8.609466934415826e-17
407,1.423840665713154e-16,7.519229871599759e-18,8.505501494925575e-17
408,1.4617425512096414e-16,7.019828931891016e-18,8.755673444331828e-17
409,1.5622652516605617e-16,6.527685889004316e-18,9.361953851584507e-17
410,1.3581274093821287e-16,5.807456100443088e-18,8.137778325335374e-17
411,1.474466473374575e-16,5.5890144471270245e-18,8.673844732792194e-17
412,1.5746290933561582e-16,5.9188775447344195e-18,9.31831310754202e-17
413,1.504876846716603e-16,6.4931371360108014e-18,8.898937742687667e-17
414,1.5216370807128438e-16,6.436290860785081e-18,8.966206885341716e-17
415,1.496868006827113e-16,5.849914306245921e-18,8.762138527919756e-17
416,1.542686531238139e-16,7.092743183686787e-18,9.002245389285047e-17
417,1.5197783109239112e-16,8.103557945442906e-18,8.914184027115904e-17
418,1.4512244674607674e-16,7.222372476334707e-18,8.443639425447284e-17
419,1.4708840196129747e-16,6.351413971923882e-18,8.54903669978402e-17
420,1.4256067009353622e-16,5.842471229126075e-18,8.250372206228113e-17
421,1.5312505539419861e-16,5.894923165116117e-18,8.840030247591457e-17
422,1.4825061359081515e-16,5.66704513407367e-18,8.602560661861034e-17
423,1.3815452523750436e-16,5.409657663503429e-18,7.941340519902917e-17
424,1.4465038842884156e-16,5.45885766330106e-18,8.310129372753627e-17
425,1.4336057349127455e-16,6.0985644781151885e-18,8.226443134301099e-17
426,1.4263847873462972e-16,6.201942751792507e-18,8.11244386122676e-17
427,1.3754390414059422e-16,6.115513117949065e-18,7.84219226641219e-17
428,1.3743223358204115e-16,6.046383416311759e-18,7.80302876052429e-17
429,1.3190654532938082e-16,5.941156767533468e-18,7.510802695702417e-17
430,1.1270350729097895e-16,5.76370193508223e-18,6.43169421635157e-17
431,1.0744774193365511e-16,5.820998568172189e-18,6.013656147711825e-17
432,1.4362125091384574e-16,6.635583756847508e-18,8.090114038255852e-17
433,1.4169152553927558e-16,6.034461000801235e-18,7.93703778329748e-17
434,1.329545320003022e-16,5.871501746459323e-18,7.476494076250906e-17
435,1.4246764850850695e-16,6.1182035799479375e-18,7.952845761469108e-17
436,1.5065000843140468e-16,6.171474116937705e-18,8.3930438473112e-17
437,1.5139017567863963e-16,6.217528087226679e-18,8.471961056712058e-17
438,1.3828971432706864e-16,6.315722041337655e-18,7.685324875084671e-17
439,1.3479092439444786e-16,6.113519098112509e-18,7.439476140569844e-17
440,1.4411469399971814e-16,6.7155855000811e-18,7.996262136441958e-17
441,1.4738740752429054e-16,8.176634926393715e-18,8.116626580942541e-17
442,1.556040412610617e-16,8.22210539571064e-18,8.550723962852505e-17
443,1.5482036627538328e-16,7.779607339492353e-18,8.516360729496741e-17
444,1.5404837039021733e-16,7.36354950658228e-18,8.436173074446846e-17
445,1.5461732991743727e-16,7.106426176145787e-18,8.494461716298515e-17
446,1.449911417847468e-16,6.505114455253689e-18,7.914951895057776e-17
447,1.5567520457213515e-16,6.594342153867971e-18,8.447033042071459e-17
448,1.5886729554410268e-16,6.68881993988068e-18,8.651565522462064e-17
449,1.5808275679835572e-16,6.8089926103701335e-18,8.573979227044148e-17
450,1.6256790383781395e-16,6.8961615035986185e-18,8.749306533059515e-17
451,1.6778056795099063e-16,6.996001284252735e-18,9.03829495369772e-17
452,1.6140718638114956e-16,7.080550043693276e-18,8.708472039501193e-17
453,1.4927480686538843e-16,7.559731785420364e-18,8.040920756364094e-17
454,1.566339634835761e-16,7.958340370275674e-18,8.376339883490909e-17
455,1.5427214493082047e-16,7.780169459725307e-18,8.251219538874214e-17
456,1.5857708133981442e-16,7.347621099878534e-18,8.445344027214939e-17
457,1.5983851941409431e-16,7.089721154009699e-18,8.495865725416583e-17
458,1.563533905855986e-16,7.351491204135539e-18,8.351013402462263e-17
459,1.5403523865181818e-16,7.263672634930735e-18,8.182974018319601e-17
460,1.5303343655989404e-16,6.920540026997438e-18,8.094610259817311e-17
461,1.572120845187013e-16,7.032174633122094e-18,8.316995262956816e-17
462,1.5800277735130862e-16,7.035266333413807e-18,8.33671413379516e-17
463,1.574574964624348e-16,7.017961345515956e-18,8.323005830722624e-17
464,1.5290735910593425e-16,6.861485802580664e-18,8.077385306505209e-17
465,1.4975018055572168e-16,6.7708176877249e-18,7.878145857614725e-17
466,1.5284580075082558e-16,7.522746174687391e-18,8.030849293637238e-17
467,1.4590156340628852e-16,7.474090981839578e-18,7.645556188056891e-17
468,1.493941094447829e-16,7.58325405124655e-18,7.811229542348083e-17
469,1.4974039022930079e-16,7.418897340478348e-18,7.810402191321596e-17
470,1.4460192199291444e-16,7.093832416953598e-18,7.54996992581901e-17
471,1.4348864431110714e-16,7.149460870020605e-18,7.458121180263837e-17
472,1.5166192326176564e-16,7.221987251730876e-18,7.863751261123578e-17
473,1.4707141987709277e-16,6.948299117845368e-18,7.62166055776368e-17
474,1.4738954001226072e-16,6.8882098836083395e-18,7.643376837749901e-17
475,1.4831875857587162e-16,6.869897187691001e-18,7.690783099634939e-17
476,1.4360437744987468e-16,6.79739966552647e-18,7.444305253403833e-17
477,1.4389112430034514e-16,6.831577514993432e-18,7.461551140213232e-17
478,1.486053061170743e-16,6.999965582192748e-18,7.692483833346237e-17
479,1.4564290421365756e-16,7.04472979893912e-18,7.495457049069444e-17
480,1.4774984738882858e-16,7.210704683966534e-18,7.618464556242712e-17
481,1.462299291082874e-16,7.292288809225999e-18,7.515232499475616e-17
482,1.4798310188193276e-16,8.070686287111866e-18,7.603694584558929e-17
483,1.4488418050000949e-16,8.302678706425973e-18,7.422692568477262e-17
484,1.4234314047981778e-16,8.257146910847713e-18,7.285750792501021e-17
485,1.3918033415915867e-16,7.702055031951842e-18,7.132027421169298e-17
486,1.1895665134488712e-16,7.012897245112746e-18,6.067120163792027e-17
487,1.2510200210176624e-16,7.028879324117224e-18,6.358925353085206e-17
488,1.344978227896929e-16,7.408828773190332e-18,6.84779572589358e-17
489,1.3260166428680752e-16,7.651836604852692e-18,6.755044046285907e-17
490,1.40817796790087e-16,7.567753787159253e-18,7.144554803361694e-17
491,1.3726444473447972e-16,7.451637769224475e-18,6.963769689013556e-17
492,1.2996487733302423e-16,7.192233090052304e-18,6.585135215073435e-17
493,1.353018481276628e-16,7.423131006325933e-18,6.848807097102784e-17
494,1.341280118930385e-16,7.437070330868302e-18,6.7863812486078e-17
495,1.3839562580954355e-16,7.52008104592727e-18,7.000750571442879e-17
496,1.3425323516699897e-16,7.438928224859843e-18,6.775291245825193e-17
497,1.3683554836958796e-16,7.789427599783736e-18,6.939090926375208e-17
498,1.3078519648965622e-16,7.411591838004762e-18,6.579701039845827e-17
499,1.303598938682097e-16,7.457888164955407e-18,6.54208049490796e-17
500,1.292222638735403e-16,7.484674241816179e-18,6.494298200276345e-17
501,1.2403215304673514e-16,7.32300964441646e-18,6.233550885964601e-17
502,1.2281970861172924e-16,7.161387140922944e-18,6.195851561657198e-17
503,1.271186651087827e-16,7.144343036831848e-18,6.42275117603668e-17
504,1.2214256283598565e-16,7.027243502897787e-18,6.205769662968169e-17
505,1.2602594635675962e-16,7.007251213404343e-18,6.363963003108714e-17
506,1.292071468743234e-16,7.093388735772063e-18,6.512857338362087e-17
507,1.2515121679841733e-16,6.993423729831728e-18,6.289899466043397e-17
508,1.2161523930659182e-16,6.866215047830876e-18,6.09544497124517e-17
509,1.263431767052418e-16,7.043289348024715e-18,6.321557869844104e-17
510,1.2373080990627481e-16,7.003219902944941e-18,6.17445093206072e-17
511,1.2421561367117367e-16,6.964621226059876e-18,6.182319472459626e-17
512,1.2493310701385724e-16,6.992670671235076e-18,6.209764989950922e-17
513,1.2006037673407498e-16,7.14388728599289e-18,5.965724501846205e-17
514,1.1840739308464334e-16,7.648519359395912e-18,5.879737996512777e-17
515,1.1890191868923037e-16,7.60201600041345e-18,5.888269562526369e-17
516,1.1807974175625394e-16,7.458639894617446e-18,5.84781808335462e-17
517,1.0131315113999579e-16,6.834637241902781e-18,5.023444447253987e-17
518,1.0718100697211693e-16,6.846664631384637e-18,5.301723329910349e-17
519,1.0896984204368706e-16,7.626842455493406e-18,5.466912337390469e-17
520,1.1669482047493344e-16,1.0330048419946565e-17,6.423218694984124e-17
521,1.1548523268286444e-16,7.801817830756104e-18,5.765808999291938e-17
522,1.1743931099827157e-16,7.75848603776969e-18,5.81698885912846e-17
523,1.1262206137163243e-16,7.718558974575524e-18,5.589372731677564e-17
524,1.1862566529562317e-16,7.902935361128188e-18,5.882123786744655e-17
525,1.1756553237433073e-16,7.650931247377591e-18,5.824765783797518e-17
526,1.1323519475520696e-16,7.760423264808274e-18,5.642445376795285e-17
527,1.0355834773096232e-16,7.06612234777241e-18,5.163103095112108e-17
528,1.1238629153661544e-16,7.586205492453789e-18,5.584015783051813e-17
529,1.1709671786332048e-16,7.350486748581816e-18,5.79757122995243e-17
530,1.1442965860544137e-16,7.772362589759282e-18,5.68129183057148e-17
531,1.1788421796219186e-16,7.878304237014456e-18,5.85164417410763e-17
532,1.13941047942621e-16,7.945417094141929e-18,5.662608511511768e-17
533,1.0912388720921494e-16,8.076567571649884e-18,5.527774387793115e-17
534,1.126180979459259e-16,7.757150761851525e-18,5.574350077237018e-17
535,1.1363648885617533e-16,7.746924616328068e-18,5.608236396411233e-17
536,1.1539983122223002e-16,7.570768619225561e-18,5.6744478613526e-17
537,1.0915328349957022e-16,7.461583760742221e-18,5.360435530940344e-17
538,1.1236802925538786e-16,7.531629945467006e-18,5.5226417823555994e-17
539,1.1002818430757172e-16,7.380553412376996e-18,5.406834732046321e-17
540,1.0583937827350054e-16,7.168543262427819e-18,5.2044923842319934e-17
541,1.0466476446501728e-16,7.146073767789899e-18,5.1554150203928685e-17
542,1.0794792717255694e-16,7.330175020114854e-18,5.320057168784736e-17
543,1.05978887394832e-16,7.295607487788826e-18,5.231807796498005e-17
544,1.0804803001839707e-16,7.455931504642354e-18,5.3613813151953184e-17
545,1.0715798731017401e-16,7.404053524839123e-18,5.2836781335831474e-17
546,1.0693907963391867e-16,7.551093529525576e-18,5.2723481809168545e-17
547,1.0639260485195197e-16,7.516764728969574e-18,5.237187399151824e-17
548,1.0428654820382173e-16,7.494650857582693e-18,5.13228315756755e-17
549,1.066091099932182e-16,7.628723658362197e-18,5.243209281064368e-17
550,1.0580406927047776e-16,7.845122947830685e-18,5.2024564787764175e-17
551,1.0469831823432792e-16,7.918192111391299e-18,5.1556346157425754e-17
552,1.0575786546267525e-16,7.957538822557066e-18,5.196805531597587e-17
553,1.0342493517929677e-16,7.850442022220741e-18,5.0862136127944464e-17
554,1.0506185221609888e-16,8.766627270617464e-18,5.215063682258699e-17
555,1.0549769070761937e-16,9.039167970590129e-18,5.2375476492422633e-17
556,1.0365294108773509e-16,8.856717646231203e-18,5.140824359464798e-17
557,1.1595549204649721e-16,3.2306060892985586e-17,7.003600255391432e-17
558,1.7385981672105861e-16,1.507087883623996e-16,1.4569455956168056e-16
559,9.804563856270351e-17,9.936925838547671e-18,4.9236153513843563e-17
560,9.831351601854233e-17,8.860728840756988e-18,4.91536795003877e-17
561,1.0089994686302649e-16,8.990822123540719e-18,5.045485329822836e-17
562,9.77461169688226e-17,8.836175775624932e-18,4.903825141979052e-17
563,9.924821861233268e-17,8.615173847652294e-18,4.954703169155344e-17
564,9.78382931604986e-17,8.388298451712344e-18,4.8814378447972343e-17
565,9.784679921454332e-17,8.461163571559913e-18,4.889461367671421e-17
566,9.455475352557494e-17,7.971308484902529e-18,4.7129076248476384e-17
567,9.701588268115357e-17,8.435983926051679e-18,4.8531709997983126e-17
568,9.592788476983956e-17,8.332153609393811e-18,4.7970865865052935e-17
569,9.398731855303369e-17,8.57340841127489e-18,4.7271981167281885e-17
570,9.384692006299837e-17,8.72278298270633e-18,4.736401384461573e-17
571,9.051300723279926e-17,8.45209608901403e-18,4.559031852204951e-17
572,9.341161804304703e-17,8.55583299140196e-18,4.713820039735707e-17
573,9.40125602672555e-17,8.492007320276186e-18,4.744139301288427e-17
574,9.325670519047652e-17,8.264420020792979e-18,4.6925568544470884e-17
575,9.106675378860382e-17,8.139482023741006e-18,4.588541889130192e-17
576,9.017107202877768e-17,8.155650115447626e-18,4.5306932597782965e-17
577,9.141152021267967e-17,8.231338226315296e-18,4.577642953045506e-17
578,8.953893078347457e-17,8.063346400903192e-18,4.473500799960554e-17
579,8.927380093181429e-17,8.087429012735548e-18,4.4503978419570425e-17
580,9.114019177180341e-17,8.24561562117444e-18,4.534056280797852e-17
581,9.132300541831621e-17,8.266316929186623e-18,4.534142710119479e-17
582,9.240187600297484e-17,8.287739901618255e-18,4.5676984846761844e-17
583,9.306083257325451e-17,8.40412492597364e-18,4.591356658076447e-17
584,9.288650315015092e-17,8.382830942016064e-18,4.56109398913131e-17
585,9.162224985256509e-17,8.278654676880459e-18,4.490943063132542e-17
586,8.975119989341652e-17,9.438687156318762e-18,4.485697428642483e-17
587,9.289452061638685e-17,1.3384961798056361e-17,4.8447603627257314e-17
588,8.959867453703745e-17,1.002937655040745e-17,4.554300035740271e-17
589,9.54736232079761e-17,3.414087241284131e-17,6.550588965701643e-17
590,9.085706400459587e-17,2.2530180357242395e-17,5.493831873966088e-17
591,8.72813545741631e-17,1.1611040024113042e-17,4.578353990789421e-17
592,8.653261745624978e-17,1.2436402368924988e-17,4.611524561793084e-17
593,8.756175735084128e-17,1.3196131492178146e-17,4.662793227434523e-17
594,8.627566640572205e-17,1.1643780109673592e-17,4.5261391727758283e-17
595,8.509316018307942e-17,1.2678398922471944e-17,4.537678017488925e-17
596,8.639422823396443e-17,1.1187820386616569e-17,4.4841308736561487e-17
597,8.569366575920108e-17,1.029423935684084e-17,4.396182752075637e-17
598,8.472812104574729e-17,1.0907418667587158e-17,4.360658946571084e-17
599,8.379311424326525e-17,8.759552571291349e-18,4.197453269783119e-17
600,8.428973949290178e-17,9.782322674240093e-18,4.25196653412356e-17
601,8.309106865091249e-17,9.15007257214111e-18,4.1407303843314384e-17
602,8.166512041982669e-17,8.13145568456013e-18,4.015422866774843e-17
603,8.322883852891762e-17,8.759008493805758e-18,4.101574358471138e-17
604,8.39770285667389e-17,8.424106623281305e-18,4.0995513837094436e-17
605,8.329433652871038e-17,7.852615194252238e-18,4.038717785942429e-17
606,8.256222464490883e-17,7.969154177561147e-18,3.996133477337432e-17
607,8.259649930569776e-17,8.069174151046837e-18,3.985617415177656e-17
608,8.166436971673578e-17,7.536101701191621e-18,3.909576511219041e-17
609,8.090301153372254e-17,7.49751332655332e-18,3.867787496271191e-17
610,8.017007389636015e-17,7.840811383955266e-18,3.8498856620884513e-17
611,8.012475306190902e-17,7.699005750426333e-18,3.8372958904309216e-17
612,7.96263420447735e-17,7.345759738601788e-18,3.782513645516495e-17
613,7.918604359941075e-17,7.419009395023489e-18,3.754276865015957e-17
614,7.863189678437661e-17,9.165931994894575e-18,3.821596219438702e-17
615,7.958059099809367e-17,8.491708540195497e-18,3.8732477657106956e-17
616,7.695018718999629e-17,7.551578431936557e-18,3.914962109146408e-17
617,7.690580843324049e-17,8.862173989056266e-18,3.734612510206382e-17
618,7.885228597822771e-17,8.221880024276219e-18,3.7582387111583096e-17
619,7.806308746760941e-17,7.78721929037317e-18,3.6849873940222105e-17
620,7.896336302920595e-17,8.556557912662516e-18,3.7861916774798783e-17
621,7.867178375108241e-17,8.478973269141012e-18,3.752965787074974e-17
622,7.749677349825125e-17,8.94658369027985e-18,3.726182520956211e-17
623,7.775398637429982e-17,1.1514917726536712e-17,3.8750138775814716e-17
624,7.941703998233518e-17,1.735987612398159e-17,4.246600176445668e-17
625,7.50035880523169e-17,9.899501057517348e-18,3.6705706064958554e-17
626,7.735700248219085e-17,1.465911551571844e-17,4.0138003864528e-17
627,7.611962893946603e-17,1.0523478951664336e-17,3.770603457340219e-17
628,7.145727912107778e-17,9.411111235015122e-18,3.577346224149965e-17
629,7.492623603735218e-17,1.2966231917978071e-17,4.042582067543083e-17
630,8.977946297072787e-17,8.701217419187798e-17,2.6751146647031467e-16
631,7.880628038977488e-17,2.855079894586699e-17,8.5322191032227e-17
632,7.21228738570586e-17,9.424773370967406e-18,3.5251529953233936e-17
633,7.55700750026774e-17,1.3120739420360385e-17,3.836391764258355e-17
634,7.272878082941553e-17,8.048987047447387e-18,3.422138870596612e-17
635,7.42066081124257e-17,1.0094166563374785e-17,3.5869008418871436e-17
636,7.806142790302172e-17,3.010141941429815e-17,9.579135767303427e-17
637,7.768089044827429e-17,2.686025199634705e-17,9.300758479500535e-17
638,7.417768307499749e-17,8.691170664419749e-18,3.4661843987302586e-17
639,7.384593567961725e-17,9.020898412481322e-18,3.4551919013562935e-17
640,7.190306217459685e-17,6.955182456381004e-18,3.2580506070089225e-17
641,7.184036787807578e-17,7.148720809776225e-18,3.250824777932523e-17
642,7.207263385381442e-17,7.97422482242259e-18,3.29395645860714e-17
643,7.219055096783721e-17,6.866051074434677e-18,3.237368562683284e-17
644,7.154467319361977e-17,6.598122372971321e-18,3.188668153476411e-17
645,7.15978341093915e-17,7.250525778910444e-18,3.260163752063909e-17
646,7.111927315786427e-17,1.0057112888436933e-17,3.4582280953070353e-17
647,7.19794211574771e-17,1.4130425982971586e-17,3.7110137413443254e-17
648,6.894712776104865e-17,8.368291005918814e-18,3.2476269781997284e-17
649,6.77609205046352e-17,6.926392106365226e-18,3.0999299608899004e-17
650,7.119840170647266e-17,1.398269279042913e-17,3.65148005827972e-17
651,7.122857643570863e-17,8.955909688351167e-18,3.319712033341345e-17
652,6.87669652659613e-17,8.302858293391892e-18,3.2209411586745355e-17
653,7.214094800992049e-17,1.1763934642469267e-17,3.521479157638322e-17
654,7.154844599350134e-17,1.1517846463155552e-17,3.4592731806546564e-17
655,6.993879817297411e-17,1.2947903901060913e-17,3.5105943671704226e-17
656,6.624358779653673e-17,1.1843937868574601e-17,3.1728124531157455e-17
657,6.565617963569134e-17,9.939613126036517e-18,3.03526759019069e-17
658,6.98000332957349e-17,1.1014249267998928e-17,3.3434543356258214e-17
659,6.828374069713326e-17,6.783722873036216e-18,3.008202359651697e-17
660,6.907710077073406e-17,9.542033341400525e-18,3.201954428468573e-17
661,6.909399907143665e-17,8.393513287351479e-18,3.11012474331094e-17
662,6.886967856577429e-17,6.319362575131425e-18,2.9734078724844973e-17
663,6.860159677773156e-17,7.778084320330822e-18,3.052388351706702e-17
664,6.806015648175339e-17,7.29057781232448e-18,2.9920673607752765e-17
665,6.821796785800157e-17,6.233493125840351e-18,2.927226611172968e-17
666,6.803648185613663e-17,6.563427057484891e-18,2.940128046655738e-17
667,6.793603760644628e-17,6.8377111664155315e-18,2.945788341726789e-17
668,6.741322749992145e-17,6.07165896982094e-18,2.870428915709444e-17
669,6.793955233079075e-17,6.219280988118376e-18,2.8975678945937734e-17
670,6.74455586532993e-17,6.723859671690789e-18,2.891099285219453e-17
671,6.698096801359588e-17,6.557888942697274e-18,2.866526276638316e-17
672,6.638793050437696e-17,6.237422957622549e-18,2.816692223417989e-17
673,6.700917777100623e-17,6.162780936638969e-18,2.839260513135859e-17
674,6.69452932912115e-17,6.400810520339881e-18,2.8453686493136096e-17
675,6.603244688744601e-17,6.311315793907908e-18,2.8073348303370474e-17
676,6.582380137330709e-17,5.9581058349627444e-18,2.7704131561011365e-17
677,6.540111096431252e-17,5.869308295224022e-18,2.7624212949609287e-17
678,6.543664156743172e-17,5.956252262014313e-18,2.758070514849926e-17
679,6.485041843592447e-17,6.100480801215709e-18,2.7301288441889725e-17
680,6.482755912005208e-17,5.861631126580495e-18,2.7304873446130908e-17
681,6.461230067549355e-17,5.868846041883055e-18,2.7169153848955218e-17
682,6.495314215516765e-17,6.887667244415985e-18,2.790156625350288e-17
683,7.14376325914845e-17,2.4183992871905135e-17,4.064153432893741e-17
684,6.782494758179787e-17,1.6676907549882467e-17,3.4770214649521827e-17
685,6.357218118756229e-17,7.340324269637033e-18,2.7499164749523587e-17
686,6.801905224086448e-17,1.8276319005066382e-17,3.601350851860131e-17
687,5.4682230099763986e-17,1.8747430784318456e-17,3.269262301941933e-17
688,5.0358490434970176e-17,7.980936771146015e-18,2.4184829124239332e-17
689,5.416798720733529e-17,9.739384012487288e-18,2.6457684312189995e-17
690,5.4361671423601943e-17,9.133379785543347e-18,2.6312162471451526e-17
691,5.693901818907961e-17,1.0973643869131661e-17,2.7750320027437034e-17
692,6.073326895819625e-17,1.6223771700671672e-17,3.2512867728313126e-17
693,5.935266318108449e-17,1.1767892787666358e-17,2.9605830081919995e-17
694,5.766964491621004e-17,1.0678689036934051e-17,2.840032969913351e-17
695,6.060242728978777e-17,1.678418545288358e-17,3.2935262502595816e-17
696,5.741019693997691e-17,7.081111404811217e-18,2.5397138383129587e-17
697,6.019986844992369e-17,9.687886938256448e-18,2.753105277634902e-17
698,6.046027980270066e-17,1.2727382139573442e-17,2.949697899290071e-17
699,5.674567332961673e-17,6.4579001375754415e-18,2.468551037686212e-17
700,5.689821611990884e-17,7.659964440587776e-18,2.6476301800738065e-17
701,5.664984836365061e-17,1.023829698915546e-17,2.745544904268787e-17
702,5.523074596998775e-17,6.8102357947054016e-18,2.4337778442427956e-17
703,5.633160476105857e-17,5.788286229995888e-18,2.409823435687825e-17
704,5.717977604410039e-17,6.9258663676421406e-18,2.466508918763076e-17
705,5.806369877881779e-17,9.72859166286185e-18,2.603173451363312e-17
706,5.721164034308686e-17,7.052969259933342e-18,2.473132088626761e-17
707,5.796530018425485e-17,7.4318695897907e-18,2.5105692021965426e-17
708,5.792816294423442e-17,7.511017741319609e-18,2.500493920581284e-17
709,5.73122727968519e-17,7.657028586687459e-18,2.4769646665572528e-17
710,5.722794408187235e-17,5.9887288664301525e-18,2.4048908933439632e-17
711,5.656636962420417e-17,5.8638375805669094e-18,2.369425159305092e-17
712,5.611975816869323e-17,5.776402628797202e-18,2.341354388013863e-17
713,5.582154709457018e-17,6.745230747475261e-18,2.3771381278665806e-17
714,5.637798988269531e-17,7.298332751532214e-18,2.4207790123100247e-17
715,5.533667303013922e-17,7.609085942485256e-18,2.405034928015806e-17
716,5.429295120289349e-17,6.807939764699859e-18,2.357535822615814e-17
717,4.731558478872017e-17,7.119913417951875e-18,2.199642104734389e-17
718,4.483018953570355e-17,7.060914589167366e-18,2.1619980850690832e-17
719,4.3079192822545354e-17,5.767242275492261e-18,2.067164687325252e-17
720,4.1645485491340735e-17,5.635661438113985e-18,1.9940494033084946e-17
721,4.661927205108229e-17,5.5475550905492265e-18,2.111363730571893e-17
722,5.0675888625160733e-17,6.0826621148593134e-18,2.196690388887127e-17
723,4.722546280191465e-17,7.623626322703074e-18,2.1493436742512246e-17
724,5.779605954994793e-17,4.463350674932663e-17,4.6522573207073194e-17
725,5.537802809198166e-17,3.403693085700672e-17,3.972100087907214e-17
726,4.5823233346572183e-17,1.0812544903316751e-17,2.3499744938166185e-17
727,5.128980439493714e-17,2.0077802196355804e-17,3.096867923294984e-17
728,6.119719153454848e-17,4.349793486553652e-17,4.815039419243844e-17
729,5.0353336361449737e-17,1.8421169449817104e-17,2.956302782844263e-17
730,4.893566382108108e-17,1.5598311207135612e-17,2.7681214914477054e-17
731,5.225400636697398e-17,2.167894159969559e-17,3.257380004431354e-17
732,5.858729506922807e-17,2.7671754814299764e-17,3.7996278715341334e-17
733,5.392450164676083e-17,1.661674626682311e-17,2.9315805742892185e-17
734,6.287169947677224e-17,3.3456881195195435e-17,4.19715343042198e-17
735,5.386173360858866e-17,1.4115029371858266e-17,2.726792654644308e-17
736,5.206307326495572e-17,1.689240340039263e-17,2.7938624396165044e-17
737,5.73078750080088e-17,2.8097252770279053e-17,3.628830984958126e-17
738,5.1079380707488076e-17,8.297721557098297e-18,2.2941924433126835e-17
739,5.095141523234129e-17,1.2780724248393301e-17,2.5340482252999526e-17
740,5.4828307153874285e-17,2.238080965762901e-17,3.185103933516902e-17
741,5.0783718764158074e-17,1.1910504339595389e-17,2.4396741322650278e-17
742,4.761264359502792e-17,6.5001841983726436e-18,2.0009787411593137e-17
743,4.954573175847086e-17,1.0211523543944307e-17,2.2626710925403164e-17
744,5.054727336870736e-17,1.3620441656062434e-17,2.477922662610195e-17
745,4.7973505287848384e-17,6.036438711298084e-18,1.9809423595441922e-17
746,4.992185474763719e-17,8.225264588761404e-18,2.2468129587791355e-17
747,5.302207017508457e-17,1.5287657342369226e-17,2.8656982347107535e-17
748,5.5020260857829647e-17,1.8808795485397845e-17,3.149858284357649e-17
749,5.090612236627049e-17,1.1093086122479799e-17,2.47888638932078e-17
750,4.880845105045077e-17,6.95068613729799e-18,2.115413469981608e-17
751,4.7499787128926674e-17,5.918596822077822e-18,1.9660721111534793e-17
752,5.51247942083439e-17,1.880005215448441e-17,3.1995119136158876e-17
753,5.734313718931031e-17,2.0447162491875337e-17,3.4484250827172194e-17
754,4.895934840331994e-17,7.762329959212489e-18,2.1631118741145106e-17
755,4.7577026394502573e-17,6.7015807529677606e-18,2.0383467157876355e-17
756,4.9314442957502614e-17,9.01151458468043e-18,2.2850403111466505e-17
757,5.4361229034264373e-17,1.6526670807990507e-17,3.016290735859279e-17
758,5.106606862804686e-17,1.1737807485925632e-17,2.5423504800696082e-17
759,4.414883039759375e-17,9.566605038776265e-18,2.2241619868234027e-17
760,2.317442272501835e-17,8.000232795467365e-18,1.6113201789571523e-17
761,1.6891363036863236e-17,4.912635905537474e-18,1.103775562964386e-17
762,2.840152119492634e-17,9.168540569390582e-18,1.7440532940252867e-17
763,2.4220507846866608e-17,9.47674108055835e-18,1.6641397817396443e-17
764,2.3204939537576028e-17,5.405013096846593e-18,1.239239157739184e-17
765,2.9004146430711506e-17,6.953972988674553e-18,1.5188920255400153e-17
766,3.6461961517422556e-17,1.0034321291341789e-17,2.0215542169043998e-17
767,4.1042662081619575e-17,7.452620785553007e-18,1.9352029632705282e-17
768,4.386364308913836e-17,6.769894131663435e-18,1.965169599094013e-17
769,4.5738443119856037e-17,8.814219695706706e-18,2.2048609569525408e-17
770,4.620419221353362e-17,9.111548703233072e-18,2.175330638243041e-17
771,5.695616996143015e-17,4.0191248901151434e-17,4.160487002354201e-17
772,6.233688388079627e-17,5.187439633068853e-17,4.958651831418117e-17
773,4.863811526815227e-17,1.5864756806164818e-17,2.5378766847734276e-17
774,4.7789549495609835e-17,1.0519309919427193e-17,2.2588157561341824e-17
775,6.417475550357936e-17,4.336814047161859e-17,4.6741508086352954e-17
776,5.753499819546132e-17,2.5296796657074546e-17,3.466368963040686e-17
777,5.230041895065166e-17,1.514213534151937e-17,4.545962159221771e-17
778,5.3360549437999386e-17,1.946833109331071e-17,4.3443374347940745e-17
779,5.817283908650589e-17,3.029582446985179e-17,3.7480085930203047e-17
780,5.76577981883191e-17,2.771534004138086e-17,3.566201921879859e-17
781,5.2264567530729936e-17,1.9781198535651144e-17,2.895931801156225e-17
782,6.24270076871614e-17,3.931308297962359e-17,4.3513170640860905e-17
783,5.306622457235481e-17,1.7342969755280775e-17,2.83063418858533e-17
784,5.068630072949053e-17,1.81678582774393e-17,2.7757564317149645e-17
785,6.129496513714445e-17,4.597078248346946e-17,4.8932452086025256e-17
786,6.445276152663503e-17,4.6526256832675465e-17,5.2188279962041386e-17
787,5.730923825380275e-17,2.943092985748492e-17,3.981267101656012e-17
788,5.2932349405495927e-17,2.5027711407539134e-17,3.319085498005664e-17
789,5.3906618527976734e-17,3.0281740494132774e-17,3.497181004261825e-17
790,4.609187129864486e-17,1.1728860477281542e-17,2.22038191126934e-17
791,6.299880025577364e-17,4.178591958843533e-17,5.093173638387913e-17
792,6.897098812987983e-17,5.1376034430284033e-17,5.900921983399277e-17
793,5.163947838473411e-17,2.603511653916095e-17,3.316555078583217e-17
794,4.596994249241465e-17,1.2640009697090267e-17,2.3144543490460966e-17
795,4.8475043032322494e-17,1.6777807952681823e-17,2.800175017129063e-17
796,5.490791386243247e-17,2.8060946510159106e-17,3.894848081011894e-17
797,5.870242265386344e-17,3.2982915458951405e-17,4.298542572805898e-17
798,5.0642087148559036e-17,2.2969316813240792e-17,3.2190206179095196e-17
799,5.840922266726356e-17,3.675200943745079e-17,4.605050259604139e-17
800,5.471998662931624e-17,2.77772788374897e-17,3.827494568385406e-17
801,4.575873278341456e-17,1.551407141374524e-17,2.575947159910428e-17
802,5.2088905548528205e-17,2.917168229156288e-17,3.756806591048838e-17
803,5.4010921260980934e-17,3.047799155186529e-17,3.942847938792417e-17
804,4.31470177924061e-17,7.86166065338988e-18,1.9354122256891952e-17
805,4.473227816783923e-17,1.3036764014975301e-17,2.3917570505433498e-17
806,4.861538250718343e-17,2.0751345027413058e-17,3.097746630822204e-17
807,4.5712563679522047e-17,1.1824577811068873e-17,2.348533252240501e-17
808,4.282208426432905e-17,8.017833394620523e-18,1.9111408843530088e-17
809,4.2895368346670747e-17,9.731279647032046e-18,2.06177683716485e-17
810,4.3791661979806773e-17,1.3731078826964767e-17,2.4028118310049687e-17
811,4.235158502039977e-17,9.502715979428926e-18,2.0473013438408046e-17
812,4.070885054243181e-17,6.319575564681059e-18,1.7804903546857355e-17
813,3.930951625267378e-17,7.102801712620602e-18,1.7817481378753513e-17
814,3.8097038793333796e-17,9.526951651828247e-18,1.910405909859446e-17
815,3.6516854258868913e-17,8.79513176041772e-18,1.837394154136035e-17
816,3.485049228142011e-17,6.063127897103201e-18,1.637367118434567e-17
817,3.475985339720108e-17,5.8927106483207035e-18,1.6214453276253153e-17
818,3.535520815490227e-17,6.098455243404247e-18,1.641935197520524e-17
819,3.6572831181509836e-17,7.32040063677094e-18,1.7172859772901348e-17
820,3.697200376240461e-17,7.073304520928904e-18,1.6971937879296123e-17
821,3.925280629293105e-17,6.810134638694273e-18,1.726914632026465e-17
822,3.719314732128642e-17,6.581586172549432e-18,1.6974340264335515e-17
823,3.2434824894328345e-17,6.2222784926845216e-18,1.5956992617956957e-17
824,3.689334810767988e-17,6.997592055746655e-18,1.7197793685243805e-17
825,3.858446827902074e-17,7.600321343969321e-18,1.7391181239676958e-17
826,3.808228598839197e-17,6.892379892067241e-18,1.7163510126234093e-17
827,3.8677820273338435e-17,9.029308197969558e-18,1.8475980902557227e-17
828,4.759923458303585e-17,4.116436473875838e-17,4.242238904002011e-17
829,5.631356065415455e-17,5.371311538689139e-17,5.374680097310635e-17
830,5.632229072827014e-17,4.646995310031186e-17,4.937455506527093e-17
831,4.463904087988463e-17,2.0969891752891835e-17,2.824668522375206e-17
832,3.9404022344616773e-17,1.116350033822608e-17,2.0042476937634775e-17
833,3.822376263861478e-17,8.05998807922451e-18,1.7762543018259412e-17
834,6.317940442569514e-17,5.827001259102165e-17,6.057950985684943e-17
835,8.101060663591915e-17,8.355352580224238e-17,8.415242336920173e-17
836,5.0643275949153174e-17,2.9744448743749144e-17,3.60210105026505e-17
837,4.39182880387741e-17,1.670400049946799e-17,2.4877088631306617e-17
838,4.6888840537729836e-17,2.4548308858374262e-17,3.166432028137271e-17
839,4.733309787508034e-17,2.2779108967873704e-17,2.946188206142832e-17
840,6.764469870916021e-17,5.789688161250255e-17,6.132610872303849e-17
841,4.9861449943879957e-17,2.8423339524041085e-17,3.3755896114188405e-17
842,4.924818508822323e-17,3.103161676598677e-17,3.56688739800059e-17
843,6.993967739016424e-17,6.76329969248871e-17,6.829390126063221e-17
844,5.119843762384828e-17,2.387956368942541e-17,3.466613978449943e-17
845,4.841432162041501e-17,2.620981471765107e-17,4.109701450074467e-17
846,5.534860900795656e-17,4.347742458271418e-17,4.6237802829020586e-17
847,5.994364326594533e-17,4.8106826734364736e-17,5.1805422347816636e-17
848,4.1762929368608134e-17,9.85892231426993e-18,1.905150059879781e-17
849,4.327185228292881e-17,1.8464945325294577e-17,2.5497423822561833e-17
850,4.830270887511407e-17,3.4384766045855046e-17,3.751882396968762e-17
851,4.906465556022237e-17,3.041546195560621e-17,3.548880991991344e-17
852,4.0604320520530825e-17,8.940851613855826e-18,1.7983848674052763e-17
853,4.0636563183762466e-17,8.883023716960744e-18,1.793163746348742e-17
854,3.91534292743565e-17,1.576355967210502e-17,2.2143572438504304e-17
855,4.187688412982147e-17,2.142085089828699e-17,2.6701699148374104e-17
856,4.10179324148827e-17,1.024168156464691e-17,1.8593488097634284e-17
857,4.064307523692547e-17,8.801080602590576e-18,1.7323445097377054e-17
858,4.040554263849143e-17,9.778074479143446e-18,1.7607720839913147e-17
859,4.186232866092383e-17,1.3276799426318813e-17,2.0416339548415352e-17
860,4.232172811285885e-17,1.437408397039558e-17,2.1208272163375608e-17
861,4.208780222282721e-17,1.4652489628174877e-17,1.8632296636743635e-17
862,4.809858442005956e-17,3.5995574419968413e-17,2.388976784289769e-17
863,5.627268152065847e-17,5.521511251306902e-17,3.075901127125556e-17
864,5.22409468725005e-17,3.8801899743004136e-17,2.7158138441563838e-17
865,5.089881820247406e-17,3.811554171154161e-17,2.746775750316928e-17
866,5.3907446274859597e-17,5.50013578541748e-17,3.078463011453584e-17
867,5.1245415063116675e-17,4.690536187530581e-17,2.7597071177012695e-17
868,4.7909126908334003e-17,3.088624243573792e-17,2.3276754824637353e-17
869,4.421000889982291e-17,1.9198015215889523e-17,2.0275784795705953e-17
870,4.3387639630192886e-17,1.5006170449929053e-17,1.9908194478984644e-17
871,4.3282867873404794e-17,1.319983973971346e-17,1.9994418498362168e-17
872,4.2009132468516715e-17,1.065534307485966e-17,1.8411988970629834e-17
873,4.202124755703718e-17,1.0797599006542463e-17,1.862678536061761e-17
874,4.224294293306771e-17,1.152478894236254e-17,1.8997796899154643e-17
875,4.28906206148172e-17,1.371189856749762e-17,2.0513776745105788e-17
876,6.042639118935862e-17,6.654650291860146e-17,5.817825984802194e-17
877,7.811413806505335e-17,1.0177395243199158e-16,8.610622260227841e-17
878,7.433307641950967e-17,8.126027876665198e-17,7.331381839166043e-17
879,5.556919542732198e-17,3.8966662600902463e-17,4.032201330232918e-17
880,4.6998975642128973e-17,2.2757351118257386e-17,2.827182934069805e-17
881,4.2659528533855315e-17,1.4536118891826535e-17,2.1094593113109426e-17
882,5.202651168104063e-17,3.4777265061957093e-17,3.572622074201819e-17
883,1.0398474334436235e-16,1.3397695302618091e-16,1.181307524172201e-16
884,7.43124802696237e-17,7.246293174923998e-17,6.672382495165341e-17
885,5.1382585932431056e-17,3.1277186343246867e-17,3.470130406135711e-17
886,4.7016734594724596e-17,2.4148088327379117e-17,2.840254078270947e-17
887,5.3653928330886825e-17,4.20168670502362e-17,4.267528010410615e-17
888,5.3537866759664405e-17,3.8691539409078e-17,3.8924067662066666e-17
889,8.079343595124888e-17,8.71846622118325e-17,8.196651260254883e-17
890,5.582342742398826e-17,4.3193999167856355e-17,4.2271094083093523e-17
891,5.639280097807456e-17,4.7452800563983144e-17,4.63068490922909e-17
892,7.754845400314662e-17,9.435751405833809e-17,8.49529458349735e-17
893,6.422564514608733e-17,5.712609264687803e-17,5.702968889701941e-17
894,4.8609289261565525e-17,3.091209916470349e-17,3.29816213991312e-17
895,6.049518021454887e-17,6.853894457049258e-17,7.140735970041598e-17
896,7.238107116753222e-17,1.0616578997628168e-16,1.0983309800170074e-16
897,8.426696212051556e-17,1.4379263538207076e-16,1.482588363029855e-16
898,9.615285307349891e-17,1.8141948078785983e-16,1.8668457460427032e-16
899,1.0803874402648224e-16,2.1904632619364895e-16,2.251103129055551e-16
